timestamp,account_value,total_position_value,total_margin_used,free_margin,total_unrealized_pnl,account_leverage,total_exposure,exposure_equity_ratio,portfolio_heat,risk_adjusted_return,margin_utilization,concentration_score
2025-02-24 12:07:45.940782,10151.071468,21242.426,1985.2699,7426.917568,1161.4924409999996,10.70001917623392,315266.4485799999,31.05745532122776,11.441925783684384,1.7172791569978063,19.55777438133982,51.98483940452401
2025-02-24 12:12:07.022762,10187.845108,21231.36664,1980.473207,7468.487901,1198.266081,10.720350351096672,315266.4485799999,30.945351567274724,11.405442320614483,1.7969602670329978,19.443413057433776,51.98483940452401
2025-02-24 12:13:10.925487,10191.693448,21211.13398,1978.364249,7474.445199,1202.114421,10.721551398192496,315266.4485799999,30.933666734439235,11.390542540730303,1.775037638933506,19.409539230089297,51.98483940452401
2025-02-24 12:14:19.942404,10195.133188,21203.82572,1977.245236,7479.003952,1205.554161,10.723923028837683,315266.4485799999,30.923230012441493,11.385325087471356,1.7677058601171571,19.392328227031697,51.98483940452401
2025-02-24 12:15:22.795345,10192.742148,21207.80968,1977.502559,7476.355589,1203.163121,10.724542217899602,315266.4485799999,30.930484064277135,11.388337583987097,1.7769705899531996,19.40152270395686,51.98483940452401
2025-02-24 12:16:34.865877,10181.717908,21251.14744,1982.565347,7460.268561,1192.138881,10.719014872401075,315266.4485799999,30.963974000132936,11.415853420286366,1.827850716784933,19.475194804228313,51.98483940452401
2025-02-24 12:17:39.121821,10211.522228,21231.35576,1978.118563,7494.519665,1221.943201,10.733105768847688,315266.4485799999,30.8735996006099,11.377950689415323,1.844217165702906,19.36548705321978,51.98483940452401
2025-02-24 12:18:43.017033,10211.250308,21222.75284,1977.667342,7494.698966,1221.671281,10.731204580916826,315266.4485799999,30.87442174764872,11.38018170216758,1.8403428555112735,19.374578012743783,51.98483940452401
2025-02-24 12:19:47.032442,10216.522188,21210.88172,1976.260561,7501.377627,1226.943161,10.732836620120157,315266.4485799999,30.858490078972448,11.36423067146667,1.821517668223656,19.335758310399314,51.98483940452401
2025-02-24 12:20:50.998774,10197.914968,21241.0945,1980.40895,7478.622018,1208.335941,10.725610233179363,315266.4485799999,30.914794795727698,11.396455051375789,1.825991539429311,19.42188886860701,51.98483940452401
2025-02-24 12:21:54.904684,10218.209308,21204.41584,1975.273292,7504.052016,1228.630281,10.734927630459756,315266.4485799999,30.8533950594624,11.367090280492697,1.8229450150743771,19.3341134092181,51.98483940452401
2025-02-24 12:22:58.817406,10230.019828,21166.20836,1970.819068,7520.31676,1240.440801,10.739802909193283,315266.4485799999,30.81777492914551,11.340658872925664,1.7962184993555534,19.262503515452615,51.98483940452401
2025-02-24 12:24:03.703604,10248.640628,21138.48516,1966.823358,7542.93327,1259.061601,10.747525991096143,315266.4485799999,30.7617819790334,11.31635068116263,1.78258252731637,19.19021975096618,51.98483940452401
2025-02-24 12:25:07.898700,10242.954908,21155.77644,1968.833697,7535.237211,1253.375881,10.745334393776378,315266.4485799999,30.77885741093803,11.327481527954426,1.7973808312680144,19.221344960352138,51.98483940452401
2025-02-24 12:26:11.855966,10239.327908,21142.33644,1968.344472,7532.099436,1249.748881,10.74117703519529,315266.4485799999,30.789759973765648,11.328891160468118,1.7566337900597366,19.226241670236,51.98483940452401
2025-02-24 12:27:15.844058,10243.119268,21146.9648,1968.664915,7535.570353,1253.5402410000002,10.741779689815829,315266.4485799999,30.778363536672614,11.329039607994464,1.76985380444889,19.22179124820867,51.98483940452401
2025-02-24 12:28:19.993051,10253.570248,21123.08778,1966.103964,7548.582284,1263.9912209999998,10.743627075053292,315266.4485799999,30.746992604014576,11.307260037704266,1.7530012636377097,19.169460650873184,51.98483940452401
2025-02-24 12:29:24.149651,10247.142208,21125.41974,1966.851312,7541.406896,1257.563181,10.740730430974237,315266.4485799999,30.76628021555802,11.31805860336432,1.730874746617193,19.195046502471648,51.98483940452401
2025-02-24 12:30:28.067744,10244.175248,21126.79378,1967.376839,7537.914409,1254.596221,10.738559772177942,315266.4485799999,30.775190871666343,11.323463273318186,1.723632766291905,19.207888193675306,51.98483940452401
2025-02-24 12:31:31.963875,10237.891168,21141.9527,1968.90301,7530.104158,1248.312141,10.737935079900153,315266.4485799999,30.794080871401572,11.336680397774256,1.7321784295314917,19.24031928720733,51.98483940452401
2025-02-24 12:32:35.863939,10246.882468,21123.859,1966.17695,7541.821518,1257.303441,10.74362050679111,315266.4485799999,30.767060085303587,11.31766350801676,1.7448071590564649,19.19069098470702,51.98483940452401
2025-02-24 12:33:39.781146,10230.180088,21118.71562,1966.629206,7524.666882,1240.601061,10.738534521692646,315266.4485799999,30.81729215596189,11.324033392702033,1.7060924383507183,19.218950899078248,51.98483940452401
2025-02-24 12:34:43.651487,10218.585968,21146.4665,1969.970125,7509.731843,1229.006941,10.734409741366,315266.4485799999,30.852257794500353,11.345352808511022,1.7253794005291532,19.27561717607698,51.98483940452401
2025-02-24 12:35:47.737268,10215.246648,21139.79318,1969.753909,7506.608739,1225.6676210000005,10.732200141048178,315266.4485799999,30.862343264293536,11.346491970443768,1.711735538110811,19.282220751719628,51.98483940452401
2025-02-24 12:36:51.704694,10221.202428,21122.68696,1967.116448,7515.20198,1231.6234009999998,10.737893519967152,315266.4485799999,30.84436012306711,11.334109884635255,1.7235967056808688,19.2454504433967,51.98483940452401
2025-02-24 12:37:55.664633,10219.864208,21141.31974,1969.125912,7511.854296,1230.2851810000002,10.73639812018278,315266.4485799999,30.84839897708354,11.340031154782697,1.7480174400379414,19.26488671404077,51.98483940452401
2025-02-24 12:38:59.558595,10223.472308,21136.57384,1968.550817,7516.037491,1233.893281,10.73712380573003,315266.4485799999,30.83751186309761,11.337960517715937,1.7523807001415437,19.25536410422485,51.98483940452401
2025-02-24 12:40:04.307223,10220.221368,21134.5909,1968.33677,7513.000598,1230.642341,10.737283996376291,315266.4485799999,30.847320936424545,11.338786196172991,1.7485758325253478,19.25890593879747,51.98483940452401
2025-02-24 12:41:08.158991,10218.580988,21137.14152,1968.594876,7511.102112,1229.001961,10.737171866945364,315266.4485799999,30.852272830271364,11.341515153997424,1.7560822817472064,19.265416874533265,51.98483940452401
2025-02-24 12:42:12.072210,10214.408988,21152.69152,1970.457776,7505.067212,1224.829961,10.734912352671495,315266.4485799999,30.864874213513325,11.352175533765816,1.766817359425615,19.293963833984677,51.98483940452401
2025-02-24 12:43:16.156876,10209.483548,21146.69408,1970.628754,7499.970794,1219.904521,10.73093754319592,315266.4485799999,30.879764593161955,11.352673095704558,1.7511908702822554,19.300801991948124,51.98483940452401
2025-02-24 12:44:20.259618,10217.960508,21128.43204,1968.523977,7510.552531,1228.381481,10.733134209622076,315266.4485799999,30.854146317473703,11.341893085537876,1.7329140519801485,19.266057570478136,51.98483940452401
2025-02-24 12:45:24.268552,10212.817328,21120.83186,1968.117193,7505.816135,1223.238301,10.731490957510273,315266.4485799999,30.86968448124973,11.336635783734994,1.7173564776693206,19.262123337960873,51.98483940452401
2025-02-24 12:46:28.434016,10217.890348,21112.11788,1967.067469,7511.938879,1228.311321,10.73278787469999,315266.4485799999,30.854358174014717,11.337010711828722,1.7100665090476692,19.253369032141425,51.98483940452401
2025-02-24 12:47:32.346486,10219.396848,21093.54438,1965.367794,7515.145054,1229.817821,10.732619331809405,315266.4485799999,30.849809755817393,11.331469023055092,1.6776325286466678,19.236573911744426,51.98483940452401
2025-02-24 12:48:36.156991,10201.196328,21121.07486,1969.045393,7493.266935,1211.6173010000002,10.72655558631908,315266.4485799999,30.904850611948728,11.352656563075032,1.6782835814325725,19.302736244720965,51.98483940452401
2025-02-24 12:49:40.145120,10208.139408,21122.32394,1968.969547,7500.285861,1218.560381,10.727603162874107,315266.4485799999,30.88383063547597,11.348873387519376,1.6999646716093235,19.288993990980185,51.98483940452401
2025-02-24 12:50:44.126987,10233.242108,21106.32364,1965.611807,7528.746301,1243.663081,10.737788389770287,315266.4485799999,30.808070917577073,11.320705603093216,1.7253944839695006,19.20697052074476,51.98483940452401
2025-02-24 12:51:47.993921,10247.133188,21089.24672,1963.170361,7545.078827,1257.554161,10.742443518379911,315266.4485799999,30.76630729745912,11.30329441610669,1.7240532222238831,19.156664463957583,51.98483940452401
2025-02-24 12:52:51.860457,10237.317128,21121.36366,1967.212433,7531.220695,1247.738101,10.73669691472512,315266.4485799999,30.79580759667172,11.324310926137322,1.746545500290153,19.215791680611105,51.98483940452401
2025-02-24 12:53:56.105964,10234.537188,21113.22072,1966.560561,7529.092627,1244.958161,10.736115194572948,315266.4485799999,30.804172459273484,11.323307222588124,1.7318123555617622,19.213717316945665,51.98483940452401
2025-02-24 12:55:01.040478,10226.760628,21103.47516,1966.030608,7521.84602,1237.1816009999998,10.73405219335222,315266.4485799999,30.827596347256552,11.326115487278708,1.7138273823491423,19.22393997975563,51.98483940452401
2025-02-24 12:56:05.131585,10229.863048,21086.49158,1964.383729,7526.595319,1240.284021,10.734405538338688,315266.4485799999,30.81824723368476,11.319976808707644,1.6913041495647638,19.20494469751576,51.98483940452401
2025-02-24 12:57:09.263633,10243.515468,21058.958,1960.36435,7544.267118,1253.936441,10.742369396790956,315266.4485799999,30.77717308719545,11.303560845844816,1.6878862295106898,19.149241587302303,51.98483940452401
2025-02-24 12:58:13.231347,10264.442328,21029.38386,1956.226818,7569.33151,1274.863301,10.749972174238948,315266.4485799999,30.714425441311704,11.269679254978271,1.6800713560752762,19.058286417214116,51.98483940452401
2025-02-24 12:59:17.169756,10249.574968,21035.8315,1957.885325,7552.805643,1259.995941,10.74415913506068,315266.4485799999,30.75897776876477,11.29097306207416,1.663721706067938,19.111626180751102,51.98483940452401
2025-02-24 13:00:21.313998,10249.73755,21049.1208,1959.571665,7551.281885,1260.360241,10.741694818290814,315266.4485799999,30.758489867869827,11.28826099176502,1.6768030995846024,19.11455189406289,51.98483940452401
2025-02-24 13:01:25.317240,10243.43365,21065.6649,1961.53497,7543.01468,1254.056341,10.73937769256288,315266.4485799999,30.777418915580117,11.29637727067252,1.686468023423695,19.141905087655836,51.98483940452401
2025-02-24 13:02:29.320046,10236.72151,21092.17476,1964.722113,7533.115397,1247.344201,10.73544936479269,315266.4485799999,30.79759943376636,11.31400045269321,1.6993504342614418,19.188358724823804,51.98483940452401
2025-02-24 13:03:33.312787,10254.76931,21070.71356,1961.237128,7554.648182,1265.392001,10.743582843287882,315266.4485799999,30.74339744264807,11.293153499688591,1.709098615281836,19.12466332214352,51.98483940452401
2025-02-24 13:04:37.318403,10247.30245,21098.2057,1964.65616,7543.76229,1257.925141,10.738879468863397,315266.4485799999,30.765799108427792,11.309446562394273,1.7336585167523606,19.17242288481492,51.98483940452401
2025-02-24 13:05:41.279689,10244.38869,21085.87294,1963.464347,7542.040343,1255.0113810000005,10.739116792325438,315266.4485799999,30.77454967007894,11.3105925890004,1.7104769788827292,19.172077802135796,51.98483940452401
2025-02-24 13:06:45.198187,10257.20277,21052.80602,1959.603676,7558.715094,1267.825461,10.743399942468775,315266.4485799999,30.736103755507596,11.287405219971298,1.683036048825331,19.10810675140821,51.98483940452401
2025-02-24 13:07:49.409409,10249.74451,21050.70676,1960.189388,7550.671122,1260.367201,10.739118826410053,315266.4485799999,30.75846898158439,11.29557330148458,1.6646067856163975,19.130583519295936,51.98483940452401
2025-02-24 13:08:53.513693,10266.49211,21032.82136,1957.380143,7570.227967,1277.114801,10.745394263458614,315266.4485799999,30.70829307635828,11.27678448405965,1.6760586474820642,19.07171537289576,51.98483940452401
2025-02-24 13:09:57.349851,10290.33901,21010.11226,1952.962988,7598.492022,1300.961701,10.758069860564095,315266.4485799999,30.637129473929733,11.24144441050033,1.716607807860744,18.976430573398577,51.98483940452401
2025-02-24 13:11:01.387466,10296.98835,20992.7676,1950.952455,7607.151895,1307.6110409999997,10.760266118325266,315266.4485799999,30.617345369726472,11.231934612588011,1.7084262289787455,18.94682589400036,51.98483940452401
2025-02-24 13:12:05.326026,10293.87163,21001.80088,1951.580369,7603.407261,1304.494321,10.761432741179616,315266.4485799999,30.626615515701737,11.235059626150475,1.7282386513307753,18.957144494719135,51.98483940452401
2025-02-24 13:13:09.313543,10289.02297,21018.71022,1953.768936,7596.370034,1299.645661,10.758032760533151,315266.4485799999,30.641048183022953,11.24144542498557,1.7431511988144277,18.98152820432473,51.98483940452401
2025-02-24 13:14:13.382916,10263.88009,21073.20834,1960.813167,7564.182923,1274.502781,10.747178106847135,315266.4485799999,30.71610792561392,11.286078784008964,1.768933492891661,19.10401475666499,51.98483940452401
2025-02-24 13:15:17.654680,10271.69647,21036.03672,1956.971736,7575.840734,1282.319161,10.74927978418182,315266.4485799999,30.69273410685196,11.27059691616601,1.7299300216778415,19.056894561838625,51.98483940452401
2025-02-24 13:16:21.642512,10259.74603,21088.26528,1963.084089,7557.777941,1270.3687209999998,10.742415670406873,315266.4485799999,30.72848466795819,11.291721014957528,1.774179344291641,19.12763516038028,51.98483940452401
2025-02-24 13:17:25.694047,10285.228061,20979.2263,1944.50939,7601.834671,1283.999163,10.78895602556077,314892.9485799999,30.61603949979733,11.237081053585625,1.7551969472855238,18.904813568236538,52.10330872341573
2025-02-24 13:18:29.693120,10279.280881,20978.11912,1945.053281,7595.3436,1278.051983,10.785369904733216,314892.9485799999,30.633752713386905,11.241826277705218,1.7282675028748304,18.92103281850189,52.10330872341573
2025-02-24 13:19:33.878521,10277.828141,20972.06238,1944.326394,7594.617747,1276.599243,10.786286934497069,314892.9485799999,30.638082701912335,11.244119040786822,1.7313746260879332,18.92260398129963,52.10330872341573
2025-02-24 13:20:38.005327,10267.460161,20990.1674,1946.68462,7581.891541,1266.231263,10.782520796820185,314892.9485799999,30.669020735633502,11.24984048080541,1.7323764884443733,18.950066233424753,52.10330872341573
2025-02-24 13:21:42.142671,10283.026001,20969.59524,1944.310662,7599.831339,1281.797103,10.785105307415115,314892.9485799999,30.6225957757354,11.237951208620832,1.7275815949719655,18.908375976205026,52.10330872341573
2025-02-24 13:22:46.173276,10287.047221,20976.72446,1944.401473,7603.761748,1285.818323,10.788268138696273,314892.9485799999,30.610625363629783,11.237548723252942,1.7516778594967126,18.904434481743884,52.10330872341573
2025-02-24 13:23:50.203040,10276.360341,21005.38858,1947.998504,7589.477837,1275.131443,10.783061966868944,314892.9485799999,30.642458821111894,11.25638397461635,1.7602663407199972,18.959332948132165,52.10330872341573
2025-02-24 13:24:54.457890,10291.516761,20999.107,1946.207825,7606.424936,1290.287863,10.789755713781492,314892.9485799999,30.597331364536647,11.240358801618164,1.781910862860543,18.911591655522734,52.10330872341573
2025-02-24 13:25:58.274300,10296.244441,21012.81168,1947.015084,7610.345357,1295.015543,10.792320949476528,314892.9485799999,30.583282126256183,11.238880781414668,1.8140030673870664,18.90757574915271,52.10330872341573
2025-02-24 13:27:03.084110,10307.484521,20987.00776,1944.075338,7624.525183,1306.2556229999998,10.795367519856889,314892.9485799999,30.549931745078183,11.221926366126567,1.7900492677376312,18.857762580577926,52.10330872341573
2025-02-24 13:28:07.184296,10312.853721,20979.36296,1943.005798,7630.963923,1311.6248230000003,10.797375376643112,314892.9485799999,30.5340264779268,11.216110159672557,1.8010362601655243,18.84062210679348,52.10330872341573
2025-02-24 13:29:11.220095,10318.821581,20959.05882,1941.463941,7638.47364,1317.592683,10.795492194001042,314892.9485799999,30.51636721385036,11.205311892556152,1.771799139853974,18.81482406455032,52.10330872341573
2025-02-24 13:30:15.241599,10323.397561,20952.4348,1940.60774,7643.905821,1322.168663,10.7968418182234,314892.9485799999,30.50284043788168,11.205405316090213,1.7579860489875596,18.80272652031792,52.10330872341573
2025-02-24 13:31:19.232310,10311.453241,20960.05548,1942.114899,7630.454342,1310.224343,10.7923869441465,314892.9485799999,30.53817354550325,11.213684433523223,1.7578905822698303,18.83662736574301,52.10330872341573
2025-02-24 13:32:23.076356,10334.302201,20921.73244,1937.422097,7657.996104,1333.073303,10.79874771346742,314892.9485799999,30.470654182101356,11.18329367715382,1.7343385716802695,18.74825002516878,52.10330872341573
2025-02-24 13:33:27.100739,10313.095941,20978.89318,1944.477659,7629.734282,1311.867043,10.788960769438184,314892.9485799999,30.53330933615523,11.21944213521395,1.7500584352098996,18.849297205427792,52.10330872341573
2025-02-24 13:34:31.022097,10356.607161,20901.0204,1934.70897,7683.014191,1355.378263,10.803185762869544,314892.9485799999,30.40502972496592,11.169940191419151,1.7256556329055646,18.69669609842605,52.10330872341573
2025-02-24 13:35:35.203109,10363.067381,20882.95462,1932.359981,7691.8234,1361.838483,10.806969107895222,314892.9485799999,30.386075570379415,11.146688448587357,1.7265676642101966,18.643672765674552,52.10330872341573
2025-02-24 13:36:39.219929,10362.073561,20873.9358,1931.937165,7691.252396,1360.844663,10.804665999579752,314892.9485799999,30.38898987989919,11.147153726509927,1.7084539626488198,18.642237411539643,52.10330872341573
2025-02-24 13:37:43.334082,10363.583821,20859.22706,1930.405303,7694.294518,1362.354923,10.805620471298507,314892.9485799999,30.38456136591708,11.142845932929628,1.687926928673576,18.62741689885542,52.10330872341573
2025-02-24 13:38:47.241178,10359.822261,20856.8445,1931.0721,7689.866161,1358.593363,10.800655501159174,314892.9485799999,30.395593731895197,11.145479803176697,1.6687172635974103,18.638332312601054,52.10330872341573
2025-02-24 13:39:51.011399,10361.084041,20850.12128,1930.032064,7692.167977,1359.855143,10.802992172465794,314892.9485799999,30.39189213541096,11.142440267529253,1.6651397857917147,18.6278390983278,52.10330872341573
2025-02-24 13:40:54.939237,10359.430241,20849.49948,1929.684624,7690.861617,1358.2013430000002,10.804615023972952,314892.9485799999,30.39674395737841,11.142364987888955,1.6685608762734268,18.62752526063369,52.10330872341573
2025-02-24 13:41:59.029571,10386.753541,20801.69578,1923.156164,7724.713377,1385.5246429999995,10.81643611132143,314892.9485799999,30.316782557419103,11.102150848203024,1.65072769356088,18.510632898052705,52.10330872341573
2025-02-24 13:43:03.992049,10393.623601,20772.52484,1920.517042,7734.222559,1392.394703,10.8161106544349,314892.9485799999,30.296743529340738,11.09054609874277,1.6200298687723025,18.477265261128252,52.10330872341573
2025-02-24 13:44:07.929457,10395.333121,20789.93036,1922.118268,7734.330853,1394.1042229999998,10.816155647712725,314892.9485799999,30.291761208101445,11.09567003679494,1.6430649512326316,18.490203686854993,52.10330872341573
2025-02-24 13:45:11.905845,10448.081901,19274.08514,1698.304577,8010.893324,1190.599779,11.349015601222158,301870.3835799999,28.892421254001416,10.400710829574347,1.5759813062065195,16.25470199307543,55.43198954245694
2025-02-24 13:46:15.762016,10437.614721,19292.28936,1701.131809,7997.598912,1180.132599,11.340855104779244,301870.3835799999,28.921395515074018,10.418210087042311,1.5708360311408114,16.303719791229877,55.43198954245694
2025-02-24 13:47:19.539596,10417.009081,19327.00372,1705.313194,7972.811887,1159.526959,11.333404202817656,301870.3835799999,28.97860424549244,10.437607810388831,1.581850553825164,16.367867981510116,55.43198954245694
2025-02-24 13:48:23.458074,10416.853701,19334.89614,1706.428067,7971.541634,1159.371579,11.330624779274684,301870.3835799999,28.9790364965019,10.443957181763142,1.5799613411648887,16.38273538233692,55.43198954245694
2025-02-24 13:49:27.643937,10414.807881,19348.54752,1706.607926,7969.315955,1157.325759,11.337429778232496,301870.3835799999,28.98472895795896,10.451197974978852,1.6153722477662746,16.39810207268095,55.43198954245694
2025-02-24 13:50:31.609171,10403.189721,19348.33256,1706.822418,7957.483303,1145.7075989999998,11.33587909084986,301870.3835799999,29.017098762569024,10.45186646056577,1.5914186921757192,16.403789662272565,55.43198954245694
2025-02-24 13:51:35.606116,10386.201681,19407.87432,1713.369241,7933.94844,1128.719559,11.32731570964393,301870.3835799999,29.06456015891031,10.483477269474264,1.638148924327495,16.496532646138977,55.43198954245694
2025-02-24 13:52:39.538853,10370.405121,19426.62916,1715.941671,7915.57945,1112.922999,11.321264287893152,301870.3835799999,29.108832302868713,10.500417306265833,1.6368473379725037,16.545170916471857,55.43198954245694
2025-02-24 13:53:43.604283,10375.766841,19385.76808,1712.181907,7924.700934,1118.284719,11.32225962717173,301870.3835799999,29.09379019458634,10.484864816027544,1.588177113169495,16.500516446021013,55.43198954245694
2025-02-24 13:54:47.655164,10357.400861,19413.0089,1715.937791,7902.57907,1099.918739,11.31335238481265,301870.3835799999,29.14537996850829,10.50384873435062,1.5923759380203617,16.562457309722927,55.43198954245694
2025-02-24 13:55:51.864211,10369.567441,19421.55028,1716.046304,7914.637137,1112.0853189999998,11.31761435267192,301870.3835799999,29.11118378828816,10.501308212732,1.618508271882757,16.548631915108253,55.43198954245694
2025-02-24 13:56:55.658390,10379.602881,19390.57932,1712.332276,7928.386605,1122.120759,11.324075117766451,301870.3835799999,29.08303786193763,10.48677614164482,1.6084909512400565,16.501427266887745,55.43198954245694
2025-02-24 13:57:59.655460,10376.766961,19394.7806,1712.743463,7925.139498,1119.284839,11.323809443142506,301870.3835799999,29.0909861148996,10.484980598084324,1.6108916663883242,16.503564891033886,55.43198954245694
2025-02-24 13:59:04.118531,10388.243867,19144.75432,1665.800634,7983.559233,1068.5091710000002,11.492824488863771,300458.53857999993,28.92293850883275,12.48834688063544,1.4189899832412278,16.03475896721553,55.95195173611438
2025-02-24 14:00:08.194162,10397.075131,19147.42998,1666.101615,7992.089516,1077.666631,11.49235425235453,300458.53857999993,28.89837139717789,12.48598576738865,1.434292349168854,16.030135215919124,55.95195173611438
2025-02-24 14:01:12.034278,10392.645731,19150.72158,1666.49527,7987.266461,1073.237231,11.491614722674852,300458.53857999993,28.9106880343057,12.488789891278744,1.4197302807864878,16.035332225643437,55.95195173611438
2025-02-24 14:02:15.882162,10365.178091,19180.91994,1670.860138,7955.433953,1045.769591,11.479668168371852,300458.53857999993,28.987301129045303,12.523188774602245,1.4109425840740484,16.1199366120954,55.95195173611438
2025-02-24 14:03:20.040347,10355.838191,19197.08664,1672.764802,7944.189389,1036.429691,11.476261705798375,300458.53857999993,29.0134446906597,12.535498197090584,1.4211530276989377,16.150596940125556,55.95195173611438
2025-02-24 14:04:24.019487,10338.084151,19238.0518,1677.817,7921.383151,1018.675651,11.466120441025453,300458.53857999993,29.06327073676767,12.56642097609375,1.4385080494166296,16.227032779934664,55.95195173611438
2025-02-24 14:05:27.949926,10339.095351,19234.765,1677.913643,7922.297708,1019.686851,11.46350116422529,300458.53857999993,29.06042824635905,12.570283772267846,1.4291994262413417,16.233254255051122,55.95195173611438
2025-02-24 14:06:32.054347,10326.270791,19249.41004,1680.216115,7907.170676,1006.862291,11.456508402789602,300458.53857999993,29.096519417432727,12.586071949110572,1.4136739306620054,16.27305464877577,55.95195173611438
2025-02-24 14:07:36.012951,10322.276431,19270.01628,1682.788139,7900.604292,1002.867931,11.451243227475588,300458.53857999993,29.107778752917213,12.59377533747213,1.4115135245472348,16.297133895270314,55.95195173611438
2025-02-24 14:08:40.022891,10323.044671,19279.03312,1683.437626,7900.723045,1003.636171,11.452181430569974,300458.53857999993,29.10561255479817,12.60049451033177,1.4279932580118948,16.308207671806173,55.95195173611438
2025-02-24 14:09:43.988858,10322.734571,19291.85902,1684.714121,7899.13645,1003.3260709999998,11.451117302055309,300458.53857999993,29.106486901647944,12.607620109726144,1.4424122519686695,16.323934083648155,55.95195173611438
2025-02-24 14:10:47.949733,10317.381271,19302.90132,1686.075906,7892.421365,997.972771,11.448417744011106,300458.53857999993,29.12158915988944,12.613685130332156,1.4455627805572175,16.340594107331984,55.95195173611438
2025-02-24 14:11:51.920211,10312.801251,19315.6735,1687.479263,7886.437988,993.392751,11.446465697990623,300458.53857999993,29.134522354036967,12.624741211697993,1.4673652858336022,16.365836041263197,55.95195173611438
2025-02-24 14:12:55.799166,10321.556211,19284.61766,1684.177328,7898.494883,1002.147711,11.450467441513974,300458.53857999993,29.109809842414272,12.604394229250088,1.4379908312420715,16.31778845718094,55.95195173611438
2025-02-24 14:14:01.663119,10313.618271,19303.25092,1686.565164,7888.169107,994.209771,11.445303942018334,300458.53857999993,29.132214387343986,12.61650023873542,1.4442273528021834,16.349191425295093,55.95195173611438
2025-02-24 14:15:05.460803,10309.372391,19312.95824,1687.863687,7882.624704,989.963891,11.44224998070001,300458.53857999993,29.14421239088209,12.632576975163431,1.4361965864304316,16.380462407917687,55.95195173611438
2025-02-24 14:16:09.430701,10292.098191,19367.77984,1693.935285,7859.278906,972.689691,11.433600806066211,300458.53857999993,29.193127873841902,12.659891959412857,1.482888586959372,16.45221414114276,55.95195173611438
2025-02-24 14:17:13.363315,10302.157191,19362.27204,1692.539052,7870.734139,982.748691,11.439778607837994,300458.53857999993,29.16462377825894,12.64710100862619,1.511394330744234,16.424619685265682,55.95195173611438
2025-02-24 14:18:17.211047,10323.463431,19322.30588,1687.298647,7897.280784,1004.054931,11.451621747196244,300458.53857999993,29.104431917467014,12.615740975371262,1.4992024623982656,16.34389919891992,55.95195173611438
2025-02-24 14:19:21.232928,10327.491711,19308.26496,1685.848078,7902.759633,1008.083211,11.453146467922716,300458.53857999993,29.093079615835087,12.608923369280417,1.4915745074186195,16.327176193266858,55.95195173611438
2025-02-24 14:20:25.238237,10324.297771,19297.12262,1685.091497,7900.322274,1004.889271,11.451676454575331,300458.53857999993,29.1020798938946,12.604666094310444,1.4674641159408233,16.319287658794515,55.95195173611438
2025-02-24 14:21:29.115552,10318.996171,19330.86922,1688.517442,7891.594729,999.587671,11.448427323974306,300458.53857999993,29.11703169581493,12.625600554077554,1.5099675114826263,16.365917711512637,55.95195173611438
2025-02-24 14:22:33.190698,10310.878091,19322.83054,1688.331463,7883.662628,991.469591,11.44492711500218,300458.53857999993,29.13995645455837,12.62802707719581,1.4731683706428715,16.376766935823913,55.95195173611438
2025-02-24 14:23:37.161041,10321.324031,19292.58688,1685.23756,7897.202471,1001.9155310000002,11.447992459887969,300458.53857999993,29.110464672708225,12.610701293184851,1.4464032535005789,16.331507459093743,55.95195173611438
2025-02-24 14:24:41.286071,10327.643971,19304.01662,1686.145616,7902.614355,1008.235471,11.448605883633242,300458.53857999993,29.092650697844235,12.612495834333624,1.4591276283731396,16.332838571280377,55.95195173611438
2025-02-24 14:25:45.364880,10326.608811,19297.76986,1685.582408,7902.142403,1007.200311,11.448725240848622,300458.53857999993,29.095567003559648,12.602952025477826,1.4511906908124903,16.31907493392121,55.95195173611438
2025-02-24 14:26:49.536471,10332.870131,19274.21398,1682.588324,7911.397807,1013.461631,11.455097901891776,300458.53857999993,29.077936214313187,12.58974051436044,1.4551952748749677,16.283653386410688,55.95195173611438
2025-02-24 14:27:53.483780,10323.548831,19281.25968,1683.981467,7900.683364,1004.140331,11.44980515394235,300458.53857999993,29.104191155445506,12.601339037324603,1.4341978349173083,16.31204050629632,55.95195173611438
2025-02-24 14:28:57.268924,10323.195971,19273.19282,1683.489574,7900.822397,1003.787471,11.448358883629178,300458.53857999993,29.105185973806016,12.60062952703826,1.411730500313419,16.309535590816697,55.95195173611438
2025-02-24 14:30:02.081508,10318.866391,19286.39724,1684.974845,7895.007546,999.457891,11.446103956525237,300458.53857999993,29.11739789964298,12.608122250776354,1.4218429949700218,16.329069310070885,55.95195173611438
2025-02-24 14:31:06.286324,10335.084491,19284.97054,1683.86015,7912.340341,1015.675991,11.45283385915392,300458.53857999993,29.071706074744267,12.591228667071992,1.4422644367380215,16.288709448538945,55.95195173611438
2025-02-24 14:32:10.468054,10338.528931,19297.00018,1684.755522,7914.889409,1019.120431,11.453887479823912,300458.53857999993,29.06202038851749,12.594515852907367,1.4810466877661248,16.296594604944765,55.95195173611438
2025-02-24 14:33:14.393724,10342.026991,19320.12664,1686.590642,7916.552349,1022.618491,11.45513686539238,300458.53857999993,29.052190527202225,12.597208844262823,1.5117330187259617,16.303273714788162,55.95195173611438
2025-02-24 14:34:18.208426,10318.123631,19357.22848,1691.714457,7887.525174,998.715131,11.44237338630251,300458.53857999993,29.119493943384786,12.631633028933225,1.512618188414996,16.387397810585508,55.95195173611438
2025-02-24 14:35:22.308735,10299.583371,19378.72702,1694.672294,7866.027077,980.174871,11.4350881221169,300458.53857999993,29.17191188781338,12.662215985205233,1.523875738143879,16.45586037753915,55.95195173611438
2025-02-24 14:36:26.158131,10299.022191,19376.78504,1694.261635,7865.876556,979.613691,11.436713574642203,300458.53857999993,29.173501426432644,12.656261379966828,1.5280091369928008,16.446724073283434,55.95195173611438
2025-02-24 14:37:30.241703,10310.137031,19365.21508,1692.91511,7642.273281,990.728531,11.438975862174214,300458.53857999993,29.14205094234891,12.647931524190517,1.5172009068678467,16.420770130499342,55.95195173611438
2025-02-24 14:38:34.395884,10309.199911,19368.65536,1693.112096,7641.139175,989.791411,11.43967691552066,300458.53857999993,29.14469999358614,12.646495752426546,1.5155480115555005,16.421849043722556,55.95195173611438
2025-02-24 14:39:38.261460,10303.365951,19378.5854,1694.184231,7634.23308,983.957451,11.438298766694164,300458.53857999993,29.1612022720438,12.658873219525452,1.532187097923048,16.44687897196868,55.95195173611438
2025-02-24 14:40:42.374640,10296.788331,19371.73698,1693.868167,7627.971524,977.379831,11.436390008030656,300458.53857999993,29.179830537588614,12.65981480966528,1.5045552530390185,16.450824272071753,55.95195173611438
2025-02-24 14:41:46.434218,10304.089291,19361.47774,1692.084857,7637.055794,984.680791,11.442379890052996,300458.53857999993,29.159155175647825,12.649394466075178,1.5210891635050428,16.423194085459716,55.95195173611438
2025-02-24 14:42:50.598082,10302.590991,19358.42484,1691.745617,7635.896734,983.182491,11.442869805880513,300458.53857999993,29.163395775147293,12.648549273275316,1.523607942808185,16.423787312125086,55.95195173611438
2025-02-24 14:43:54.709263,10303.092551,19333.3468,1688.806578,7639.337333,983.684051,11.44793432939838,300458.53857999993,29.161976085601403,12.634766194787458,1.4902461862602676,16.391314623647506,55.95195173611438
2025-02-24 14:44:58.918219,10302.924491,19345.57554,1689.437775,7638.538076,983.515991,11.450895573824848,300458.53857999993,29.162451772063555,12.637713969929695,1.5244449031453513,16.396823343466355,55.95195173611438
2025-02-24 14:46:04.265170,10298.413651,19368.7463,1692.135766,7631.329245,979.005151,11.446331133219482,300458.53857999993,29.17522530771763,12.650075188679304,1.541291834607828,16.427653727384737,55.95195173611438
2025-02-24 14:47:08.185964,10281.939031,19400.23988,1696.164727,7610.825664,962.530531,11.437709776168456,300458.53857999993,29.221972399770003,12.679498601161072,1.5583080021762874,16.496407077362683,55.95195173611438
2025-02-24 14:48:12.127775,10268.606591,19406.06284,1697.47253,7596.185421,949.198091,11.432328062475332,300458.53857999993,29.259913301512512,12.693603384384586,1.5362040412484292,16.531836534548567,55.95195173611438
2025-02-24 14:49:16.660790,10271.527011,19417.70626,1698.498926,7598.079445,952.118511,11.43227467663409,300458.53857999993,29.251594067584342,12.694451334859242,1.53676809463179,16.53214099696632,55.95195173611438
2025-02-24 14:50:20.674309,10280.489971,19400.09602,1696.348757,7609.192574,961.081471,11.436384139726758,300458.53857999993,29.226091307666906,12.6830930609829,1.5413845429872983,16.504157328942544,55.95195173611438
2025-02-24 14:51:24.517197,10278.600531,19375.13338,1694.093469,7609.558422,959.192031,11.436873900137796,300458.53857999993,29.23146372639199,12.672897733725923,1.501066325208782,16.482000909467974,55.95195173611438
2025-02-24 14:52:28.519223,10275.679551,19377.8268,1694.742553,7605.988358,956.271051,11.434082873353097,300458.53857999993,29.23977310588283,12.677032806792765,1.4903974320156992,16.492754027494684,55.95195173611438
2025-02-24 14:53:33.364117,10285.838331,19345.13958,1691.014742,7619.874949,966.429831,11.439959155601494,300458.53857999993,29.21089452421804,12.656737524070504,1.468235155218027,16.44183247468543,55.95195173611438
2025-02-24 14:54:37.178712,10301.159071,19316.84792,1686.865896,7639.344535,981.750571,11.451324000209675,300458.53857999993,29.16744965387982,12.62598435494933,1.4680532735204013,16.370805919768134,55.95195173611438
2025-02-24 14:55:41.229694,10305.961771,19306.35622,1685.544231,7645.4689,986.553271,11.45407866784126,300458.53857999993,29.153857277586823,12.623190213121102,1.4656880748446746,16.35872368306304,55.95195173611438
2025-02-24 14:56:45.283428,10311.986391,19295.55284,1684.465295,7652.572456,992.577891,11.455001713169755,300458.53857999993,29.136824583305437,12.61370383612756,1.457315247280038,16.33792329740091,55.95195173611438
2025-02-24 14:57:49.383885,10318.782851,19269.8689,1681.795068,7662.039143,999.3743509999998,11.457917356670476,300458.53857999993,29.117633631652815,12.594490865490812,1.432323962232834,16.295889944394375,55.95195173611438
2025-02-24 14:58:53.386594,10310.629051,19260.9557,1680.942453,7654.737958,991.220551,11.458426590169532,300458.53857999993,29.14066029277421,12.59883102115113,1.4122883722349668,16.303829743898714,55.95195173611438
2025-02-24 14:59:57.592278,10311.712891,19252.58994,1680.025445,7656.738806,992.304391,11.459701397558298,300458.53857999993,29.13759738619549,12.595216138637994,1.4070620722903708,16.292944710149612,55.95195173611438
2025-02-24 15:01:02.207029,10302.929251,19268.62178,1682.225269,7645.755342,983.782031,11.454245834420409,300458.53857999993,29.16243829887869,12.610692860029394,1.4106380069368774,16.3298970905454,55.95195173611438
2025-02-24 15:02:06.228471,10330.595491,19227.98462,1677.240656,7678.406195,1011.448271,11.464058274056052,300458.53857999993,29.084338733595654,12.571502147300832,1.4069254359435652,16.237047104025457,55.95195173611438
2025-02-24 15:03:10.299143,10337.099251,19224.21158,1676.67791,7685.472701,1017.952031,11.46565566668675,300458.53857999993,29.06603983229956,12.565428386599766,1.4076411298760405,16.21959870258384,55.95195173611438
2025-02-24 15:04:14.222853,10336.985931,19214.31226,1676.568994,7685.468297,1017.838711,11.460496006286036,300458.53857999993,29.066358470987453,12.565114058000276,1.3754876716780975,16.221181011492277,55.95195173611438
2025-02-24 15:05:18.146426,10365.155571,19165.2071,1670.418126,7719.788805,1046.008351,11.473299290575346,300458.53857999993,28.987364108709908,12.5207122670966,1.3678672164613508,16.115707232350236,55.95195173611438
2025-02-24 15:06:22.071258,10349.515811,19145.11994,1669.33688,7705.230291,1030.368591,11.468697642383605,300458.53857999993,29.031168613768106,12.525909301871677,1.323661314036798,16.129613312206768,55.95195173611438
2025-02-24 15:07:26.072142,10329.495151,19184.02808,1673.998614,7680.547897,1010.347931,11.46000236772,300458.53857999993,29.087436916112257,12.559635969879771,1.3362655347056969,16.20841836435652,55.95195173611438
2025-02-24 15:08:30.092282,10338.648531,19158.03526,1670.856341,7692.84355,1019.501311,11.46599787779122,300458.53857999993,29.06168419199934,12.5379665949208,1.33088363361439,16.16001945506121,55.95195173611438
2025-02-24 15:09:33.984300,10321.331471,19195.3776,1675.306246,7671.076585,1002.184251,11.457832050606465,300458.53857999993,29.11044368880147,12.56701232164032,1.346263262584749,16.231458729013045,55.95195173611438
2025-02-24 15:10:37.968246,10318.048591,19174.53912,1673.974319,7669.125632,998.901371,11.45450016906741,300458.53857999993,29.11970572052522,12.561306981182014,1.3107796312994069,16.22091995631696,55.95195173611438
2025-02-24 15:11:41.851137,10322.218751,19183.33988,1674.621652,7672.648459,1003.071531,11.455327749458718,300458.53857999993,29.107941405610298,12.564916435428657,1.3207908288212833,16.223408633320872,55.95195173611438
2025-02-24 15:12:45.990394,10320.693951,19209.89628,1677.075562,7668.669749,1001.546731,11.454401170267603,300458.53857999993,29.112241871186164,12.57670337591901,1.345345635426324,16.251354317482562,55.95195173611438
2025-02-24 15:13:50.299331,10321.996551,19221.10948,1677.98285,7669.065061,1002.849331,11.45489030474894,300458.53857999993,29.108568007697247,12.577100719935178,1.3604441743189444,16.253972947098692,55.95195173611438
2025-02-24 15:14:54.324632,10344.325931,19200.14546,1674.854311,7694.52298,1025.178711,11.46377051060413,300458.53857999993,29.045733920620407,12.553601522269467,1.370985756276886,16.192610211365157,55.95195173611438
2025-02-24 15:15:58.357676,10349.074011,19196.76274,1674.448698,7699.676673,1029.926791,11.464527257794792,300458.53857999993,29.03240794883131,12.546789824311762,1.3731725301978723,16.17969584737952,55.95195173611438
2025-02-24 15:17:02.358887,10333.932171,19223.7377,1677.532873,7681.450658,1014.784951,11.459529651792405,300458.53857999993,29.074947813492855,12.568969674654626,1.3891111840063166,16.23324834381671,55.95195173611438
2025-02-24 15:18:06.487819,10338.015971,19246.9611,1679.359513,7683.707818,1018.868751,11.460893841377253,300458.53857999993,29.063462411244124,12.578099338836148,1.428291394798298,16.25096542424368,55.95195173611438
2025-02-24 15:19:10.534281,10339.959071,19232.5022,1677.966418,7687.044013,1020.8118509999998,11.461792079798345,300458.53857999993,29.058000763531258,12.562188208490928,1.4122260069296195,16.221902528650737,55.95195173611438
2025-02-24 15:20:14.400970,10348.172951,19224.51588,1676.772087,7696.452224,1029.025731,11.465193170286833,300458.53857999993,29.03493592566647,12.556108609358304,1.4098181059619987,16.200455432453857,55.95195173611438
2025-02-24 15:21:18.286324,10351.931791,19227.12872,1677.050112,7699.933039,1032.784571,11.464850443300293,300458.53857999993,29.024393190188853,12.55575025379166,1.4192548036823105,16.200358984764872,55.95195173611438
2025-02-24 15:22:22.181210,10338.869811,19238.82534,1679.328505,7684.592666,1019.722591,11.456260810626803,300458.53857999993,29.061062192729057,12.572722221668355,1.3937199921291736,16.242863443480882,55.95195173611438
2025-02-24 15:23:26.062417,10334.886251,19244.62938,1680.282777,7679.654834,1015.739031,11.453208735710325,300458.53857999993,29.07226371755448,12.57773866480597,1.3892610273784471,16.257088430338836,55.95195173611438
2025-02-24 15:24:30.178026,10325.807531,19261.90026,1682.492541,7668.36635,1006.660311,11.448431295006852,300458.53857999993,29.09782481205149,12.592518855443863,1.3934399894319045,16.29314229370561,55.95195173611438
2025-02-24 15:25:34.362830,10314.514491,19273.64842,1684.248039,7655.317812,995.367271,11.443473867093516,300458.53857999993,29.129683112294533,12.608424962350089,1.3884864811259368,16.329749805186445,55.95195173611438
2025-02-24 15:26:38.442683,10318.157811,19268.63974,1683.838705,7659.370466,999.010591,11.443281166291994,300458.53857999993,29.119397481950372,12.601827120116656,1.3833577657853984,16.31756462578105,55.95195173611438
2025-02-24 15:27:42.367546,10319.219251,19265.98538,1683.473969,7660.796642,1000.072031,11.4441837146102,300458.53857999993,29.11640224631176,12.600406095612538,1.3861616087812136,16.313299320942974,55.95195173611438
2025-02-24 15:28:46.213817,10311.163511,19277.90964,1685.102015,7651.112856,992.016291,11.440203304249213,300458.53857999993,29.139149840798204,12.612436320611096,1.3881624647730937,16.34188363129333,55.95195173611438
2025-02-24 15:29:50.214133,10314.722171,19271.3927,1684.277165,7655.496366,995.574951,11.441936695733803,300458.53857999993,29.129096605698575,12.60518762515422,1.3881027958562404,16.326135024117075,55.95195173611438
2025-02-24 15:30:54.310792,10312.370851,19294.45198,1687.125924,7650.296287,993.223631,11.436284456026176,300458.53857999993,29.13573832062723,12.620093437276717,1.3950751199125386,16.35945180187547,55.95195173611438
2025-02-24 15:31:58.227502,10319.038271,19306.8996,1688.158486,7655.931145,999.891051,11.43666294374212,300458.53857999993,29.11691290305516,12.617566908098311,1.4100095792899126,16.35681810332536,55.95195173611438
2025-02-24 15:33:02.450050,10316.436311,19314.73544,1689.263113,7652.224558,997.289091,11.433823003273028,300458.53857999993,29.12425662528766,12.626218785589217,1.405504580948032,16.373852967025798,55.95195173611438
2025-02-24 15:34:06.369444,10311.548231,19323.94716,1690.851184,7645.748407,992.4010110000002,11.428532175307035,300458.53857999993,29.13806267003824,12.631685517867352,1.3949556695551917,16.392180331547344,55.95195173611438
2025-02-24 15:35:10.329260,10316.595871,19309.342,1688.926966,7652.720265,997.448651,11.432905263944964,300458.53857999993,29.123806179574245,12.620740828365571,1.396436790949764,16.36693281498416,55.95195173611438
2025-02-24 15:36:14.249718,10310.359411,19312.84774,1690.252918,7645.157853,991.212191,11.426010589499247,300458.53857999993,29.14142238915981,12.635992312683417,1.3662747690878685,16.396202427205573,55.95195173611438
2025-02-24 15:37:18.487634,10302.189651,19323.97578,1692.139989,7635.101022,983.042431,11.41984463792493,300458.53857999993,29.16453188675627,12.646358882821826,1.3580224834618344,16.425411716583433,55.95195173611438
2025-02-24 15:38:22.478931,10306.706451,19326.28578,1692.276645,7639.481166,987.559231,11.420287479060493,300458.53857999993,29.15175085352782,12.643601785284917,1.3678009971845435,16.418822831961144,55.95195173611438
2025-02-24 15:39:26.462344,10305.567591,19329.24512,1692.148644,7638.470307,986.420371,11.422900221288124,300458.53857999993,29.154972390108306,12.642227725517351,1.37726392654022,16.4171888841673,55.95195173611438
2025-02-24 15:40:30.360384,10307.340251,19325.65198,1692.103219,7640.288392,988.193031,11.421083396686097,300458.53857999993,29.149958307706974,12.64544868073752,1.3674693518937748,16.42004158964093,55.95195173611438
2025-02-24 15:41:34.283142,10310.072011,19321.09974,1691.07264,7644.050731,990.924791,11.425351745978222,300458.53857999993,29.142234725367132,12.636850015820803,1.3818950242932269,16.402141888007808,55.95195173611438
2025-02-24 15:42:38.245745,10304.066471,19324.147,1691.973963,7637.143868,984.919251,11.421066412710514,300458.53857999993,29.159219753251524,12.643055892287972,1.3680507039685097,16.41929324467767,55.95195173611438
2025-02-24 15:43:42.255158,10322.856951,19293.06828,1687.939837,7659.968474,1003.709731,11.429950201477473,300458.53857999993,29.10614183710972,12.61432762080868,1.3644216926497887,16.349391994979705,55.95195173611438
2025-02-24 15:44:46.294299,10330.919231,19284.09576,1687.123601,7668.84699,1011.772011,11.430161814208418,300458.53857999993,29.083427317717643,12.609072688423522,1.351455250828646,16.332718282578934,55.95195173611438
2025-02-24 15:45:50.312530,10349.172291,19256.05762,1684.256521,7689.96713,1030.025071,11.43297198491298,300458.53857999993,29.032132245135113,12.584074887833536,1.3380595100838324,16.278100746907352,55.95195173611438
2025-02-24 15:46:54.215980,10366.163351,19217.90348,1680.476257,7710.738454,1047.016131,11.435986316348176,300458.53857999993,28.98454600862675,12.5579757083749,1.3065381840921682,16.21320721169099,55.95195173611438
2025-02-24 15:47:58.178749,10377.022771,19192.0251,1677.430336,7724.643795,1057.875551,11.441324678654196,300458.53857999993,28.95421405643169,12.536533369787154,1.3025715618094806,16.16326641093385,55.95195173611438
2025-02-24 15:49:04.019960,10433.745911,19128.02004,1670.378802,7788.418469,1114.598691,11.45130674377416,300458.53857999993,28.79680424872481,12.48165133810588,1.277254509965948,16.022384081996265,55.95195173611438
2025-02-24 15:50:08.077639,10412.118931,19152.83286,1672.512428,7764.657863,1092.971711,11.45153395535785,300458.53857999993,28.856618001686932,12.49607707723838,1.3014653369916174,16.06467113067593,55.95195173611438
2025-02-24 15:51:12.158890,10424.158191,19137.83532,1670.924791,7778.28476,1105.010971,11.453439091382778,300458.53857999993,28.823290387075048,12.480017252618696,1.2886290037753565,16.02834981382527,55.95195173611438
2025-02-24 15:52:16.053367,10403.322291,19166.63582,1674.337546,7754.036105,1084.175071,11.447295000813414,300458.53857999993,28.88101802247625,12.507897005678442,1.2971834166056369,16.09448035122879,55.95195173611438
2025-02-24 15:53:19.863959,10402.182071,19170.2792,1674.505151,7752.72828,1083.034851,11.448325010258507,300458.53857999993,28.88418377309904,12.507417711929698,1.2982347626973505,16.09592096708072,55.95195173611438
2025-02-24 15:54:23.763533,10392.294291,19195.86862,1677.278746,7740.066905,1073.147071,11.44465025016182,300458.53857999993,28.911665717569697,12.526617326449667,1.316676167364894,16.138821890874414,55.95195173611438
2025-02-24 15:55:27.742945,10383.816111,19210.94604,1678.515953,7730.351518,1064.668891,11.445197172933868,300458.53857999993,28.93527151946691,12.537956099461043,1.337157661323915,16.164731107110804,55.95195173611438
2025-02-24 15:56:31.638285,10381.216891,19224.01302,1679.387601,7726.88065,1062.0696710000002,11.44703760379853,300458.53857999993,28.94251625168169,12.543547771385176,1.3587231347461015,16.177174782427926,55.95195173611438
2025-02-24 15:57:35.683004,10406.987071,19184.8168,1674.58531,7757.453121,1087.839851,11.456458315641145,300458.53857999993,28.870847684365295,12.50796292722471,1.3531028339785107,16.09097136928691,55.95195173611438
2025-02-24 15:58:39.571257,10431.117251,19140.43378,1670.167669,7786.000942,1111.970031,11.460186983178874,300458.53857999993,28.804061094337317,12.475674699034537,1.3209626309721167,16.012560829376877,55.95195173611438
2025-02-24 15:59:43.470610,10430.922111,19122.87924,1668.057987,7787.915484,1111.774891,11.464157354860587,300458.53857999993,28.804599956043138,12.46422015083509,1.3201953446591654,15.991019990849972,55.95195173611438
2025-02-24 16:00:47.537792,10454.702812,19094.51422,1664.949256,7814.804916,1135.816271,11.468526233570689,300458.53857999993,28.73907981727907,12.443831486525047,1.3061238558292454,15.929795671364513,55.95195173611438
2025-02-24 16:01:51.443127,10508.075872,18992.67088,1653.489192,7879.63804,1189.1893310000005,11.486419731009647,300458.53857999993,28.59310707687284,12.36990064842283,1.2680557777111017,15.745323579254796,55.95195173611438
2025-02-24 16:02:55.357904,10562.326112,18873.11092,1639.072096,7948.305376,1243.439571,11.514509316617636,300458.53857999993,28.446247104474928,12.28061449421504,1.2430530112672344,15.53311574176853,55.95195173611438
2025-02-24 16:03:59.352599,10507.217592,18907.9666,1644.528861,7887.740091,1188.331051,11.497497580250736,300458.53857999993,28.59544269919407,12.320796736481489,1.2266695572054322,15.64293938531772,55.95195173611438
2025-02-24 16:05:03.628940,10541.066872,18926.68368,1645.543134,7920.575098,1222.180331,11.5017852093569,300458.53857999993,28.503617539710447,12.30834008563653,1.2559662824038689,15.608693313296722,55.95195173611438
2025-02-24 16:06:08.170477,10498.410072,19000.06108,1654.787902,7868.67353,1179.523531,11.48187091350877,300458.53857999993,28.61943251591439,12.381441696275443,1.2626100538718166,15.774729522300944,55.95195173611438
2025-02-24 16:07:12.148881,10556.860632,18896.55364,1643.789013,7938.122979,1237.9740910000005,11.495729373146746,300458.53857999993,28.460974247329624,12.294614456745467,1.2197686944807222,15.57405873121315,55.95195173611438
2025-02-24 16:08:16.122201,10521.195252,18945.64506,1649.707011,7896.539601,1202.308711,11.484248374816415,300458.53857999993,28.557452968367357,12.349806432483032,1.2219904402991386,15.69514302746256,55.95195173611438
2025-02-24 16:09:20.090352,10521.964992,18952.3848,1649.371748,7897.644604,1203.078451,11.490668991378891,300458.53857999993,28.555363832558164,12.34902103881312,1.2393645825250472,15.69115996161642,55.95195173611438
2025-02-24 16:10:24.115250,10643.156512,18722.87472,1623.120291,8045.087581,1324.2699710000002,11.535112230323293,300458.53857999993,28.230209547443696,12.1557483866413,1.1905861509501454,15.242487434727671,55.95195173611438
2025-02-24 16:11:28.099751,10506.397532,18925.39854,1647.609358,7883.839534,1187.510991,11.486581117124244,300458.53857999993,28.597674670587548,12.33726048506186,1.191881064177789,15.67417191272522,55.95195173611438
2025-02-24 16:12:32.074703,10520.724432,18884.90224,1643.61947,7902.156322,1201.837891,11.48982631606329,300458.53857999993,28.558730962111365,12.319843238826452,1.1822598214832598,15.626505832616605,55.95195173611438
2025-02-24 16:13:35.967135,10528.475752,18881.47456,1642.329661,7911.197451,1209.589211,11.496762804918982,300458.53857999993,28.5377053295606,12.31872861039326,1.2057951937115452,15.613202734381906,55.95195173611438
2025-02-24 16:14:39.922004,10537.905292,18832.9047,1636.671213,7926.285439,1219.018751,11.506834451789189,300458.53857999993,28.512169188699893,12.27971447855912,1.1851464031347294,15.5325836743153,55.95195173611438
2025-02-24 16:15:43.860647,10521.159672,18835.08648,1637.616524,7908.594508,1202.273131,11.501524443582127,300458.53857999993,28.55754954271926,12.29211158435209,1.1672680258799042,15.564981190792066,55.95195173611438
2025-02-24 16:16:47.854113,10531.712812,18835.45622,1637.991256,7918.772916,1212.826271,11.49911890616344,300458.53857999993,28.52893389170779,12.300981155974116,1.1727108541713709,15.574807861557172,55.95195173611438
2025-02-24 16:17:51.951405,10530.922192,18798.927,1634.3944,7921.579152,1212.035651,11.502075019346616,300458.53857999993,28.53107573126393,12.263759911116772,1.1402075168878223,15.500765424324008,55.95195173611438
2025-02-24 16:18:56.696080,10540.606032,18818.37084,1635.025258,7930.632134,1221.719491,11.509529132913247,300458.53857999993,28.504863730590472,12.276945478377192,1.1799449504810868,15.52020778533543,55.95195173611438
2025-02-24 16:20:01.909737,10519.393552,18854.14716,1639.011568,7905.433344,1200.507011,11.503364300843057,300458.53857999993,28.56234412133723,12.30533703496102,1.183531621612176,15.586977356582125,55.95195173611438
2025-02-24 16:21:06.246461,10538.999892,18794.2627,1631.432201,7932.619051,1220.113351,11.52010036854728,300458.53857999993,28.5092078621306,12.256276649875945,1.1793151470475298,15.476033605789128,55.95195173611438
2025-02-24 16:22:10.168945,10530.801392,18816.1148,1634.055268,7921.797484,1211.9148509999998,11.51498065486485,300458.53857999993,28.531403014423116,12.277372511324018,1.1969487105706975,15.524999400729367,55.95195173611438
2025-02-24 16:23:14.127410,10521.106752,18817.16216,1634.563286,7911.594826,1202.2202109999998,11.512042587257769,300458.53857999993,28.557693184025965,12.270737503754177,1.185542542289013,15.523846620884472,55.95195173611438
2025-02-24 16:24:18.112732,10502.101992,18835.7118,1637.094015,7890.059337,1183.215451,11.505577338513453,300458.53857999993,28.609371610452357,12.296050742555128,1.182392559409501,15.581392689258887,55.95195173611438
2025-02-24 16:25:21.963730,10479.459572,18951.88138,1648.926727,7855.584205,1160.573031,11.493464851819336,300458.53857999993,28.671186382816263,12.358721801083552,1.233284531522149,15.72638052255468,55.95195173611438
2025-02-24 16:26:25.896519,10472.206392,18995.3166,1653.383451,7843.874301,1153.319851,11.48875452243776,300458.53857999993,28.69104440202098,12.382018830737737,1.2529874460376402,15.781016828148854,55.95195173611438
2025-02-24 16:27:29.743112,10484.880792,18946.2326,1647.954038,7861.978114,1165.994251,11.496821005392626,300458.53857999993,28.656361912025822,12.36083677380841,1.2357365304230847,15.725875083463706,55.95195173611438
2025-02-24 16:28:33.615510,10511.071792,18948.4866,1646.52813,7889.595022,1192.185251,11.508146295684606,300458.53857999993,28.58495732173379,12.33335071104796,1.2651764501165648,15.664310667663262,55.95195173611438
2025-02-24 16:29:37.482087,10506.641512,18941.31132,1646.686824,7885.006048,1187.7549709999998,11.502679831972712,300458.53857999993,28.597010589619508,12.33979496903554,1.249353944515018,15.67989739745486,55.95195173611438
2025-02-24 16:30:41.568486,10494.337272,18974.55108,1650.807945,7868.580687,1175.450731,11.494099684624429,300458.53857999993,28.63053957505778,12.359977903453387,1.2593137774055303,15.731658190602127,55.95195173611438
2025-02-24 16:31:45.467384,10467.384492,18993.3117,1655.174481,7837.261371,1148.4979509999998,11.475111487052946,300458.53857999993,28.70426120389807,12.392606826170027,1.222054319406649,15.812703720447226,55.95195173611438
2025-02-24 16:32:49.412131,10466.709792,18995.1242,1655.241646,7836.519506,1147.8232509999998,11.475740865935173,300458.53857999993,28.7061115241438,12.39236105409203,1.2238300399755415,15.813123568832014,55.95195173611438
2025-02-24 16:33:53.219316,10453.277692,19007.4185,1655.919175,7822.409877,1134.391151,11.478469956119689,300458.53857999993,28.742997883806716,12.407335082366194,1.2397400641415672,15.844477634680636,55.95195173611438
2025-02-24 16:34:57.038805,10444.724132,19020.06814,1657.60523,7812.170262,1125.837591,11.47442575335021,300458.53857999993,28.766536557865688,12.416814309151066,1.2428626261076692,15.870263388972772,55.95195173611438
2025-02-24 16:36:01.230570,10448.035852,19011.97766,1656.298874,7816.788338,1129.149311,11.478591188126352,300458.53857999993,28.757418412043933,12.412542990069,1.2500802893145169,15.855648128187529,55.95195173611438
2025-02-24 16:37:05.214220,10478.573632,18966.87604,1650.774172,7852.85082,1159.6870910000002,11.489685483157656,300458.53857999993,28.673610467596887,12.37766413073068,1.2442965352630058,15.763103386092617,55.95195173611438
2025-02-24 16:38:09.188690,10475.007832,18939.72124,1648.463923,7851.595269,1156.121291,11.489314977262016,300458.53857999993,28.68337125840919,12.36260415195238,1.217556664360962,15.737113990159738,55.95195173611438
2025-02-24 16:39:13.235868,10453.157072,18909.91588,1646.610394,7831.598038,1134.270531,11.484147038610276,300458.53857999993,28.74332955206549,12.364978771758093,1.1870510494862432,15.747658048775948,55.95195173611438
2025-02-24 16:40:17.145749,10472.990652,18909.65246,1645.533281,7852.508731,1154.104111,11.49150410893452,300458.53857999993,28.688895900295886,12.351741977338564,1.210126080732462,15.711681559514869,55.95195173611438
2025-02-24 16:41:21.337875,10454.622832,18889.56264,1645.916307,7833.757885,1135.736291,11.47662402982681,300458.53857999993,28.73929967710957,12.36251042402943,1.1652795545078156,15.7454412985752,55.95195173611438
2025-02-24 16:42:25.343375,10428.364472,18906.26348,1649.063289,7804.352543,1109.477931,11.464850140145227,300458.53857999993,28.81166451237167,12.392486858556987,1.1330804119803324,15.814687206494485,55.95195173611438
2025-02-24 16:43:29.294951,10460.280512,18890.95932,1646.343232,7838.98864,1141.393971,11.474496297501103,300458.53857999993,28.72375537494572,12.362230882351708,1.1455729001756876,15.73677764292828,55.95195173611438
2025-02-24 16:46:59.258271,10493.408752,18825.51756,1637.288394,7881.171718,1174.522211,11.497985100845955,300458.53857999993,28.633072977618813,12.30918726969773,1.1622583695535564,15.607529466417189,55.95195173611438
2025-02-24 16:48:04.357764,10492.347612,18800.86442,1634.776337,7882.622635,1173.461071,11.500572888461134,300458.53857999993,28.63596877369639,12.29639982328266,1.1544496902486412,15.58130091048684,55.95195173611438
2025-02-24 16:49:08.291475,10504.354532,18757.90934,1630.209767,7899.196125,1185.467991,11.506439060612006,300458.53857999993,28.603236654350955,12.273905854563456,1.1406825450916214,15.520939721077571,55.95195173611438
2025-02-24 16:50:12.385619,10534.548332,18727.71554,1625.967673,7933.632019,1215.6617910000002,11.517889224357292,300458.53857999993,28.521254932906785,12.237935923089822,1.132179896657817,15.426663163749202,55.95195173611438
2025-02-24 16:51:16.322415,10493.684712,18802.94072,1634.632259,7884.103813,1174.798171,11.50285675354459,300458.53857999993,28.632319993034677,12.296456275123909,1.1555109283465583,15.572985332132587,55.95195173611438
2025-02-24 16:52:20.262124,10494.896152,18812.65216,1635.521998,7884.425514,1176.0096110000002,11.502536916657236,300458.53857999993,28.629014925768647,12.302231664982596,1.1648740293711963,15.585766455519284,55.95195173611438
2025-02-24 16:53:24.193051,10531.731572,18741.45518,1627.803052,7928.97988,1212.845031,11.513343187907967,300458.53857999993,28.528883073587693,12.248624321424066,1.1440275230917565,15.457176124085894,55.95195173611438
2025-02-24 16:54:28.050449,10542.172672,18771.97488,1630.694932,7936.5291,1223.286131,11.511641148584866,300458.53857999993,28.50062771007513,12.252939931156666,1.1589778968022195,15.468300346959063,55.95195173611438
2025-02-24 16:55:31.921864,10542.454012,18732.55322,1627.286124,7940.219248,1223.5674709999998,11.511530113680244,300458.53857999993,28.499867131315114,12.2469268079085,1.1400915099143814,15.452256155404893,55.95195173611438
2025-02-24 16:56:35.868035,10549.424652,18697.82026,1623.938373,7950.537639,1230.538111,11.513873045230394,300458.53857999993,28.481035553255303,12.225588061034609,1.1184228819793756,15.402953152444582,55.95195173611438
2025-02-24 16:57:39.917644,10566.624132,18679.71054,1621.66803,7970.007462,1247.7375909999998,11.518825181501542,300458.53857999993,28.434676470613756,12.208789512167842,1.1238193469151938,15.35791414294247,55.95195173611438
2025-02-24 16:58:43.941465,10689.419712,18523.00852,1601.853942,8112.61713,1370.533171,11.563481559918651,300458.53857999993,28.108030807575417,12.078378170450184,1.1134116582907445,15.013493082308113,55.95195173611438
2025-02-24 16:59:47.948285,10637.012232,18570.63724,1607.468093,8054.595499,1318.125691,11.552725258354474,300458.53857999993,28.24651622342893,12.119140897914985,1.1133855817339604,15.124571862013443,55.95195173611438
2025-02-24 17:00:51.785814,10579.762671,18593.33186,1613.020801,7991.79323,1261.069511,11.527025472004436,300458.53857999993,28.399364704425885,12.166259318051406,1.070698367816784,15.247600604707364,55.95195173611438
2025-02-24 17:01:55.685723,10597.121931,18608.28612,1613.494806,8008.678485,1278.428771,11.532907357868496,300458.53857999993,28.352843398079795,12.159197817138471,1.088643575989913,15.231505974072384,55.95195173611438
2025-02-24 17:02:59.567289,10579.572051,18621.05724,1615.404103,7989.219308,1260.878891,11.527182087391292,300458.53857999993,28.399876396852942,12.170684615217684,1.0867893282585313,15.263972712841069,55.95195173611438
2025-02-24 17:04:04.596947,10584.014791,18643.46658,1616.635399,7992.430752,1265.321631,11.53226422700645,300458.53857999993,28.38795528096687,12.17021425017568,1.1072205496208425,15.266783200019812,55.95195173611438
2025-02-24 17:05:08.642680,10544.486371,18707.11636,1625.106253,7944.431478,1225.793211,11.511318921741914,300458.53857999993,28.494374027201246,12.228629299279266,1.1174879659028425,15.414632726637528,55.95195173611438
2025-02-24 17:06:12.485801,10557.734951,18673.61494,1620.881598,7961.904713,1239.041791,11.52065330560931,300458.53857999993,28.458617305176933,12.20581334252239,1.1069125572398215,15.350745482074188,55.95195173611438
2025-02-24 17:07:16.601866,10519.907351,18738.74974,1628.663852,7916.294859,1201.214191,11.505596883598052,300458.53857999993,28.56094911819152,12.25850531099254,1.114031133785645,15.484754472149914,55.95195173611438
2025-02-24 17:08:20.488548,10495.718671,18762.71086,1632.306476,7888.463555,1177.025511,11.49460051520374,300458.53857999993,28.626771352987603,12.282618544647296,1.1006335959961735,15.548197795249386,55.95195173611438
2025-02-24 17:09:24.473879,10495.855491,18794.20488,1635.182967,7885.723884,1177.162331,11.49364031994592,300458.53857999993,28.626398185230116,12.29801156472328,1.1205109737204904,15.579320508005647,55.95195173611438
2025-02-24 17:10:28.305078,10499.852871,18763.12786,1631.931869,7892.972362,1181.1597110000002,11.497494605272642,300458.53857999993,28.615499880941137,12.286732928087824,1.1173681880294015,15.55255133631672,55.95195173611438
2025-02-24 17:11:32.267852,10499.113811,18757.7228,1630.775,7893.390171,1180.420651,11.502336496451074,300458.53857999993,28.617514200599224,12.278544213814431,1.1124986089291329,15.530656875932022,55.95195173611438
2025-02-24 17:12:36.250618,10481.126931,18767.51752,1632.765022,7873.413269,1162.433771,11.4943162470564,300458.53857999993,28.66662531214411,12.29762467024402,1.1014283945618082,15.578076381947024,55.95195173611438
2025-02-24 17:13:40.013321,10481.992951,18793.73114,1634.740107,7872.304204,1163.299791,11.496464214418395,300458.53857999993,28.66425688173504,12.307826593211187,1.1194920864013262,15.598104851272762,55.95195173611438
2025-02-24 17:14:43.879773,10480.227731,18750.21192,1630.879262,7874.399829,1161.534571,11.496995735298032,300458.53857999993,28.66908489891477,12.292542503586226,1.0944746448759926,15.56338473614796,55.95195173611438
2025-02-24 17:15:47.845530,10487.126771,18704.17256,1626.590248,7885.587883,1168.433611,11.499006945970574,300458.53857999993,28.65022471272651,12.271137612111469,1.0664790602262757,15.510351724725997,55.95195173611438
2025-02-24 17:16:51.973415,10484.588791,18729.23898,1628.957232,7880.682919,1165.8956310000003,11.497686134463228,300458.53857999993,28.657160005923583,12.281650245692816,1.079944801998694,15.536682119553427,55.95195173611438
2025-02-24 17:17:55.975620,10474.218411,18746.2086,1630.969546,7868.300225,1155.525251,11.493904742719211,300458.53857999993,28.68553306702666,12.295648118830831,1.0823443152625314,15.571168215159345,55.95195173611438
2025-02-24 17:18:59.874904,10463.549271,18773.26206,1633.634748,7854.965883,1144.856111,11.49171323821523,300458.53857999993,28.714782221433087,12.312695390096131,1.0938142099358117,15.610469972431211,55.95195173611438
2025-02-24 17:20:04.409697,10473.095411,18775.7766,1633.326438,7864.820333,1154.402251,11.495421958020128,300458.53857999993,28.68860893451092,12.306105661743272,1.1056309473159502,15.594738555370924,55.95195173611438
2025-02-24 17:21:08.379413,10481.236311,18791.5295,1634.684983,7871.602688,1162.543151,11.495505063925824,300458.53857999993,28.6663261532106,12.309423702914932,1.1187896331014542,15.602878434137423,55.95195173611438
2025-02-24 17:22:12.456126,10494.523411,18739.5572,1628.98858,7890.586191,1175.830251,11.50379900146384,300458.53857999993,28.6300317616205,12.276071030362182,1.0977936739357756,15.522273058084275,55.95195173611438
2025-02-24 17:23:16.516954,10513.091811,18698.2328,1623.503733,7914.639438,1194.398651,11.517209612723448,300458.53857999993,28.579464916840717,12.251157286068292,1.0838279673872449,15.453251148250628,55.95195173611438
2025-02-24 17:24:20.465002,10501.017551,18688.23374,1623.92942,7902.139491,1182.324391,11.508033237060266,300458.53857999993,28.61232610275826,12.253835189010085,1.0704137178731628,15.46519426439153,55.95195173611438
2025-02-24 17:25:24.593416,10504.935996,23274.76976,1852.550064,7907.824792,1186.703611,12.563638744394009,392613.4991,37.37419240340891,15.900624852222714,1.1497372350009936,17.616314841943375,63.95681027696129
2025-02-24 17:26:28.643197,10495.253956,23262.17772,1852.215546,7898.47727,1177.021571,12.55910942451403,392613.4991,37.40867069496189,15.914872572871827,1.1401972528643305,17.649235528417545,63.95681027696129
2025-02-24 17:27:32.759769,10514.724756,23231.24232,1848.708311,7921.455305,1196.492371,12.566202132468264,392613.4991,37.33939862533859,15.878962113244627,1.1303560386622409,17.58208944028777,63.95681027696129
2025-02-24 17:28:37.123486,10546.454836,23183.4618,1842.152656,7959.74104,1228.222451,12.58498405356912,392613.4991,37.22705925405624,15.820621961232243,1.136391736187494,17.46703214156731,63.95681027696129
2025-02-24 17:29:41.102760,10528.174392,22064.8162,1750.589035,8033.024217,999.77786,12.604223926262629,376428.7691,35.75442000524187,15.024781954098126,1.1315967579412538,16.629499871605088,68.28072007128779
2025-02-24 17:30:45.117745,10508.768992,22074.3948,1752.699265,8011.508587,980.37246,12.594513640079604,376428.7691,35.82044380141609,15.046909141738713,1.127631933017731,16.678270835853958,68.28072007128779
2025-02-24 17:31:48.949682,10514.380352,22089.09216,1753.485583,8016.333629,985.98382,12.597247661545216,376428.7691,35.80132699197983,15.047475321921857,1.1502798090338116,16.68231231207414,68.28072007128779
2025-02-24 17:32:52.925931,10521.795812,22100.34762,1754.598856,8022.635816,993.39928,12.595669685082708,376428.7691,35.7760952432366,15.053145925632949,1.1443734218907158,16.678936821778343,68.28072007128779
2025-02-24 17:33:56.890032,10528.078452,22036.08686,1748.160063,8035.357249,999.68192,12.605302755963942,376428.7691,35.75474582719228,15.00865215101707,1.127398685579864,16.604740085954674,68.28072007128779
2025-02-24 17:35:02.438028,10521.074392,22016.231,1746.728385,8029.784867,992.67786,12.604267033766671,376428.7691,35.778548375841574,14.999076434926362,1.1148976552429084,16.595507501853998,68.28072007128779
2025-02-24 17:36:06.372993,10502.965972,21995.35978,1745.635114,8012.769718,974.56944,12.600204706927084,376428.7691,35.840235044417604,15.00494368298283,1.0960572446017678,16.614914536067012,68.28072007128779
2025-02-24 17:37:10.442225,10500.695392,21953.0822,1742.11321,8014.021042,972.29886,12.601409640880917,376428.7691,35.847984828393734,14.988341701427146,1.0785377809396484,16.590455631416912,68.28072007128779
2025-02-24 17:38:14.306227,10504.689352,21987.41276,1745.352483,8014.775729,976.29282,12.5976918554623,376428.7691,35.83435516142429,14.993131629641551,1.0904645752889846,16.598608084188875,68.28072007128779
2025-02-24 17:39:18.347854,10519.642172,22017.99078,1746.898274,8028.182758,991.24564,12.60404862017741,376428.7691,35.78341952561236,15.00035102167325,1.1143129488266748,16.596563347440068,68.28072007128779
2025-02-24 17:40:22.382496,10505.490992,22035.09,1749.817015,8011.112837,977.0944599999998,12.592796738806427,376428.7691,35.83162075781636,15.02994687272764,1.1079711951234132,16.656213558533317,68.28072007128779
2025-02-24 17:41:26.385182,10487.528392,22097.2732,1756.52211,7986.445142,959.1318600000002,12.580128126027402,376428.7691,35.89299165923059,15.079631344893269,1.1145071797796884,16.749688986205513,68.28072007128779
2025-02-24 17:42:30.320086,10480.513012,22148.18162,1761.819316,7974.132556,952.11648,12.571199225062871,376428.7691,35.9170174846399,15.117687054921037,1.1305246783052016,16.813247776920942,68.28072007128779
2025-02-24 17:43:34.278902,10452.123732,22084.52654,1756.306627,7951.255965,923.7272,12.574413943721911,376428.7691,36.01457261240925,15.109097980108126,1.10242780436443,16.81024325822629,68.28072007128779
2025-02-24 17:44:38.467242,10471.987792,22098.0736,1756.650205,7970.776447,943.59126,12.579666422547682,376428.7691,35.9462574419319,15.095691687737784,1.1278035159278368,16.777813552668817,68.28072007128779
2025-02-24 17:45:42.420793,10481.900232,22095.69504,1756.204452,7981.13464,953.5037,12.58150496933144,376428.7691,35.912264071242305,15.084235635687907,1.1214114197411655,16.755471833611324,68.28072007128779
2025-02-24 17:46:46.345185,10482.122752,22075.49136,1753.837303,7983.724309,953.72622,12.586966488989088,376428.7691,35.91150170686343,15.074052859563448,1.125986235455663,16.739704480804768,68.28072007128779
2025-02-24 17:47:50.262920,10485.699272,22050.29588,1751.434629,7989.703503,957.30274,12.589848067917812,376428.7691,35.89925281427621,15.047358287360137,1.117079713582681,16.695682744543237,68.28072007128779
2025-02-24 17:48:54.366252,10498.428852,22042.80726,1749.963833,8003.903879,970.03232,12.59615018569358,376428.7691,35.85572416660123,15.041218294694616,1.1241766580043495,16.670744924528258,68.28072007128779
2025-02-24 17:49:58.395870,10488.670312,21984.43332,1745.026481,7999.082691,960.27378,12.598337938918649,376428.7691,35.88908392604647,15.014702788314407,1.0923320180108318,16.63725171153039,68.28072007128779
2025-02-24 17:51:03.355839,10499.307372,21918.76618,1738.400309,8016.345923,970.91084,12.608583918515627,376428.7691,35.85272397147609,14.96648712802911,1.0827768518806302,16.561668950061097,68.28072007128779
2025-02-24 17:52:07.465981,10487.845945,22074.33889,1747.810319,8095.436986,959.49208,12.629710815890888,376428.7691,35.89190488438282,14.98684690792331,1.076764741542142,16.5885203894459,68.28072007128779
2025-02-24 17:53:11.284980,10466.738615,22266.60514,1756.626532,8065.513443,938.46998,12.675776401173016,383737.1327799999,36.662531366748944,15.2800241750913,1.0616882981477076,16.78839638243894,68.78744812096589
2025-02-24 17:54:15.214448,10435.164191,22573.13818,1776.423709,8014.141842,906.98075,12.707068739083129,388605.3697799999,37.23998613410989,15.54017124276991,1.0643693856608667,17.02948174531507,69.11641948973805
2025-02-24 17:55:19.254244,10423.843512,22835.0101,1790.37956,7988.865312,895.74559,12.754284404363954,393492.2312999999,37.74924583691313,15.748406290783718,1.0712784075012831,17.175810035318577,69.43998746478132
2025-02-24 17:56:23.439573,10431.435035,23041.4564,1799.35234,7987.484055,903.42229,12.805416642301418,398359.73466,38.188392423804224,15.917710993636364,1.064220342829324,17.253049671128014,69.75582713207798
2025-02-24 17:57:27.374343,10420.662682,23271.29114,1810.471632,7965.59241,892.73504,12.853717632842756,403222.80525999994,38.69454540127297,16.107564844107277,1.0638219174342782,17.375328078967176,70.06513551577719
2025-02-24 17:58:31.684570,10423.726925,23533.79698,1824.250494,7954.877791,895.88472,12.900529317329598,408104.8009,39.151524578144105,16.31292350937134,1.0720115076662091,17.503370407988694,70.36954630355903
2025-02-24 17:59:35.841903,10446.933133,23561.4975,1791.142625,8011.191868,863.4849449999999,13.15445077970829,411553.2225,39.39464503701825,20.48921084194351,0.9102360828729076,17.14232997570388,71.15421287985181
2025-02-24 18:00:39.807520,10442.658869,23797.80625,1777.574062,8020.486167,818.9487630000001,13.387800125314836,415318.50772,39.771337255199576,20.65872687496566,0.9300646465940892,16.95540345817649,71.81001258261095
2025-02-24 18:01:43.890353,10435.309272,24105.62325,1795.772412,7994.93822,811.6846629999999,13.423540248707196,422661.312,40.50299813672834,21.090328513199573,0.953723498517462,17.20861706340044,72.23032080458896
2025-02-24 18:02:47.980859,10434.844424,24385.61169,1810.910059,7979.335725,811.3053630000002,13.465943031685375,427549.74188,40.97327420585604,21.367410994327273,0.9675188483876744,17.352674380418726,72.50344085248534
2025-02-24 18:03:52.141280,10435.367246,24226.65104,1740.107177,8050.661429,720.758735,13.922505096362809,429879.72906,41.19449933348326,21.38365979106402,0.9762211752606073,16.67806351201605,73.62449596313365
2025-02-24 18:04:56.421442,10421.108384,24368.48,1743.753,8032.756744,706.5853350000001,13.974731513006716,434763.0041,41.719459013353266,21.566485499911348,0.9536161216547372,16.750617455242082,73.8808912765051
2025-02-24 18:06:01.614197,10437.771379,24652.38352,1758.622801,8034.549938,723.333785,14.018005171991398,439646.45746,42.1207211287014,21.808664381943483,0.9669413634226366,16.848642656977667,74.13247551595786
2025-02-24 18:07:05.590918,10429.148603,24836.61458,1766.459479,8018.090484,714.7967349999999,14.060109997009448,444545.17696,42.625260592424986,22.018257412492503,0.94284193347483,16.945874052380688,74.38013415234923
2025-02-24 18:08:09.478525,10425.699148,25144.98228,1779.928114,8001.172394,711.4751049999999,14.126965062365434,449415.60078,43.106519227174616,22.194672016683455,0.927127361822774,17.007280805145292,74.62180925687667
2025-02-24 18:09:13.552327,10423.690164,25352.9908,1789.00279,7990.088734,709.5512550000001,14.17157700463955,456714.43358,43.81504307921024,22.542260125460235,0.9243241271768432,17.164169855883678,74.97574759778227
2025-02-24 18:10:17.406655,10418.52239,25595.9103,1801.73939,7972.18436,704.468995,14.20622229944143,461600.8951,44.305792877410134,22.781442307576107,0.9195823490242444,17.291142635822467,75.20735185616991
2025-02-24 18:11:21.317312,10421.331541,25776.87818,1807.716159,7969.016742,707.3631349999999,14.25936148861963,466457.34026,44.75985994926328,22.98348330728257,0.9228806027217772,17.35975114967317,75.43340968535396
2025-02-24 18:12:25.489230,10436.524455,26023.40562,1819.059781,7972.866034,722.6412449999999,14.30596503304253,471325.5193,45.16115698595371,23.174560276017857,0.9314969024110265,17.413540626825462,75.65599466266474
2025-02-24 18:13:29.451538,10452.913835,25931.02,1811.164875,7997.15032,739.0306250000001,14.317316086422004,471325.5193,45.09034770016355,23.08875154183235,0.9152355560101832,17.326889933174314,75.65599466266474
2025-02-24 18:14:33.321251,10468.541375,25907.96754,1808.056252,8015.886483,754.658165,14.329182242721506,471325.5193,45.0230363922118,23.0463419177721,0.9223090340723004,17.27132928296804,75.65599466266474
2025-02-24 18:15:37.537445,10428.480515,25971.17668,1815.461959,7968.419916,714.597305,14.305547164593603,471325.5193,45.19599174798861,23.138457564348485,0.914823852492817,17.39525464319286,75.65599466266474
2025-02-24 18:16:41.634478,10456.624475,26081.48564,1824.987282,7987.038553,742.741265,14.291324601132208,471325.5193,45.074346929724655,23.21798806904535,0.930923370362115,17.445646990206175,75.65599466266474
2025-02-24 18:17:45.641503,10434.589255,26117.06042,1830.649271,7959.341344,720.706045,14.26655604311002,471325.5193,45.1695325787886,23.291001357428662,0.908914385560191,17.54299838034209,75.65599466266474
2025-02-24 18:18:49.523025,10432.420395,26153.29656,1833.906453,7953.915302,718.5371849999999,14.26097635308337,471325.5193,45.17892315055619,23.311487560254054,0.9207212255570364,17.567705044539668,75.65599466266474
2025-02-24 18:19:53.537723,10422.452495,26292.10866,1847.595558,7930.258297,708.5692849999999,14.230445914505712,471325.5193,45.22213169367868,23.472683547566085,0.928861480427998,17.72707104097,75.65599466266474
2025-02-24 18:20:57.528476,10440.528795,26387.58996,1854.692498,7941.237657,726.6455849999999,14.227474359471962,471325.5193,45.14383596410549,23.536686440566047,0.9699896465692552,17.764354032414694,75.65599466266474
2025-02-24 18:22:01.690174,10394.420075,26359.88624,1853.917687,7895.903748,680.536865,14.21847713349962,471325.5193,45.3440899924376,23.571680172967177,0.946083127526552,17.83515667659795,75.65599466266474
2025-02-24 18:23:05.561610,10382.429395,26334.31556,1852.775653,7885.055102,668.546185,14.213439990621463,471325.5193,45.39645793565255,23.56296445617142,0.9210123801500508,17.840122253968865,75.65599466266474
2025-02-24 18:24:09.780019,10379.779395,26391.56056,1857.365028,7877.815727,665.896185,14.209140455507706,471325.5193,45.408047836454045,23.62203215838251,0.9396614291745664,17.893550626853184,75.65599466266474
2025-02-24 18:25:13.681935,10381.645295,26413.71646,1859.627073,7877.419582,667.762085,14.203770661065224,471325.5193,45.39988661787544,23.64776494575816,0.9479601321416196,17.91498549748901,75.65599466266474
2025-02-24 18:26:17.637931,10370.529055,26382.03022,1857.007511,7868.922904,656.645845,14.206743948920948,471325.5193,45.44855106237393,23.62816410899933,0.934686998724537,17.905462837546622,75.65599466266474
2025-02-24 18:27:21.648531,10363.236875,26384.51804,1857.042902,7861.595333,649.3536649999999,14.207812868288812,471325.5193,45.48053132289326,23.635651366208023,0.9419498816010816,17.919525765930153,75.65599466266474
2025-02-24 18:28:25.884423,10367.969435,26341.3506,1852.93703,7870.433765,654.086225,14.2159988027224,471325.5193,45.45977129416566,23.581848179378373,0.931421931176,17.864350301298895,75.65599466266474
2025-02-24 18:29:29.785710,10345.157075,26310.87824,1850.961412,7849.597023,631.273865,14.21470921512652,471325.5193,45.56001575258827,23.58862650045041,0.9204532233292784,17.892057110210676,75.65599466266474
2025-02-24 18:30:33.914988,10327.884675,26336.88584,1853.775292,7829.510743,614.001465,14.207161975702933,471325.5193,45.63621052439763,23.63115025861051,0.9218504279389192,17.94654967910939,75.65599466266474
2025-02-24 18:31:38.072538,10350.121635,26332.9928,1852.74089,7852.782105,636.238425,14.212992729922425,471325.5193,45.53816234450466,23.603101219822303,0.9281548773431108,17.90066779249015,75.65599466266474
2025-02-24 18:32:42.300606,10320.725047,25915.4087,1782.29631,7893.830097,545.4880049999999,14.540460278459534,469482.6692999999,45.48931079570499,23.36274176107219,0.8991058125415036,17.2771480577163,76.24031651545373
2025-02-24 18:33:46.256054,10345.589987,25928.97864,1782.285182,7918.706165,570.352945,14.548164851431729,469482.6692999999,45.37998025148297,23.34239927781251,0.9162588520880124,17.232561093569657,76.24031651545373
2025-02-24 18:34:50.152371,10350.683747,25935.6774,1782.985495,7923.099612,575.4467050000001,14.546207735694452,469482.6692999999,45.357647936646984,23.33294434251884,0.9129420662831071,17.22555842281209,76.24031651545373
2025-02-24 18:35:54.300603,10343.626027,25901.67968,1780.105109,7918.922278,568.3889849999999,14.550646222542806,469482.6692999999,45.38859661732818,23.312813393527417,0.9099868160526544,17.212328533076032,76.24031651545373
2025-02-24 18:36:58.295849,10367.289527,26019.96318,1789.633284,7933.057603,592.052485,14.539270929205628,469482.6692999999,45.284996437815785,23.389585720294985,0.9419071611276754,17.261484174232802,76.24031651545373
2025-02-24 18:38:03.453269,10389.357027,25943.30068,1781.807909,7962.950478,614.119985,14.560099631929514,469482.6692999999,45.188808901253665,23.286600729387988,0.9382120363343268,17.146081507936998,76.24031651545373
2025-02-24 18:39:07.344129,10398.950907,25923.22456,1779.051353,7975.300914,623.713865,14.57137508497766,469482.6692999999,45.14711854096456,23.257610328312182,0.955497289743667,17.116440282469735,76.24031651545373
2025-02-24 18:40:11.370787,10391.571707,25945.89036,1781.248018,7965.725049,616.334665,14.5661300940743,469482.6692999999,45.179178139505666,23.287508458222696,0.9504314079377556,17.141159905581162,76.24031651545373
2025-02-24 18:41:15.647964,10419.347527,25956.98618,1781.234309,7993.514578,644.1104849999999,14.572471487242163,469482.6692999999,45.05873981872799,23.24755141253422,0.962345337719295,17.08040767800757,76.24031651545373
2025-02-24 18:42:20.808356,10426.086187,26007.89984,1785.220617,7996.26693,650.849145,14.568451424062845,469482.6692999999,45.02961714294909,23.309580158865646,0.9813425065972392,17.12134755058686,76.24031651545373
2025-02-24 18:43:08.705348,10409.240327,25938.70398,1779.882074,7984.759613,634.003285,14.57327109413879,469482.6692999999,45.10249110900367,23.271391489568895,0.9646859923189288,17.11480112894506,76.24031651545373
2025-02-24 18:54:49.532982,10413.472867,26036.23652,1788.431201,7980.443026,638.235825,14.558142636653765,469482.6692999999,45.08415927099375,23.338794297714333,0.9778859329188248,17.16895434246297,76.24031651545373
2025-02-24 18:55:53.462267,10426.313007,26079.30166,1791.696333,7990.018034,651.075965,14.555648286857323,469482.6692999999,45.02863754280151,23.3690177714406,0.9981150892218892,17.18349661857605,76.24031651545373
2025-02-24 18:56:57.542097,10431.638927,26066.98758,1790.282629,7996.757658,656.401885,14.560263925791574,469482.6692999999,45.0056479701236,23.35147881561892,0.9997884650186316,17.16212448042298,76.24031651545373
2025-02-24 18:58:02.806952,10419.460627,26009.28428,1785.225589,7989.636398,644.223585,14.569186348359024,469482.6692999999,45.058250720140656,23.297187280362618,0.9882950067716232,17.126330247612728,76.24031651545373
2025-02-24 18:59:07.035978,10427.708107,25977.45176,1782.255463,8000.854004,652.4710650000001,14.575605068575964,469482.6692999999,45.02261326099468,23.27027084997982,0.9823343769527456,17.09214551952744,76.24031651545373
2025-02-24 18:59:28.361480,10428.118007,25968.30666,1781.431583,8002.087784,652.8809650000001,14.577212455315497,469482.6692999999,45.020843548649346,23.259401043931337,0.9803414678748624,17.082963405325803,76.24031651545373
2025-02-24 19:01:25.833367,10447.429957,25961.84556,1780.084153,8022.747164,672.444865,14.584616977936774,469482.6692999999,44.93762305488696,23.221676017956145,0.9870271741765164,17.035664850832557,76.24031651545373
2025-02-24 19:02:29.920358,10450.781643,26029.55298,1785.006524,8021.176479,675.807815,14.582329324864698,470126.53356,44.98482023829229,23.291799380539462,0.9907878438765856,17.07861705440476,76.26890162127559
2025-02-24 19:03:33.824405,10451.627282,26040.79302,1784.827776,8022.200866,676.665035,14.59008727349613,470788.56588,45.0445230371735,23.302007397108103,0.9851678120383685,17.07579682901287,76.29822305573343
2025-02-24 19:04:37.923008,10443.784451,26029.0806,1783.01128,8016.174531,668.8337750000001,14.598382462280329,471449.6916,45.14165279951352,23.310716341262683,0.9713343840856978,17.079041801070584,76.32743349111998
2025-02-24 19:05:41.931692,10434.66872,26045.2723,1783.37899,8006.69109,659.729285,14.604451687523806,472092.1537,45.24265852303934,23.34082396524133,0.9709483108382632,17.100218491651358,76.35575172391547
2025-02-24 19:06:42.737630,10407.992873,26061.41182,1784.484216,7978.910017,633.064985,14.604450735024042,472751.89553999994,45.42200415667021,23.381034994685702,0.9517239076264946,17.14271585089699,76.38476251501024
2025-02-24 19:10:05.168302,10425.599311,26096.84083,1782.466666,8106.654005,650.711495,14.640857710154789,475041.85738,45.564944825645235,23.402912449388367,0.9494866078796448,17.09784361383654,76.48491910550898
2025-02-24 19:11:09.091788,10401.025236,26095.36303,1782.278651,8082.267945,626.1431749999999,14.641573030882924,475370.9871,45.70424321774043,23.430511626327224,0.94055042845556,17.135605486574367,76.49924584340107
2025-02-24 19:12:13.154017,10374.643036,26086.29083,1782.843291,8055.321105,599.7609749999999,14.63184732033748,475370.9871,45.82046682960206,23.44577098779545,0.9208928292417712,17.174018795801967,76.49924584340107
2025-02-24 19:13:15.586410,10412.076706,26143.2545,1786.298725,8089.299341,637.194645,14.635432547823152,475370.9871,45.65573233109833,23.464158713408956,0.9503736028575068,17.157169462366426,76.49924584340107
2025-02-24 19:15:14.244435,10423.861106,26202.3789,1791.230445,8096.152021,648.9790449999999,14.628145124007204,475370.9871,45.6041175401287,23.51063212677174,0.9698561112342632,17.194803583561868,76.49924584340107
2025-02-24 19:16:18.188529,10427.027326,26269.23512,1797.302506,8093.24618,652.145265,14.61592304706885,475370.9871,45.590269617367646,23.54861093546166,0.9768775894300104,17.228517877963025,76.49924584340107
2025-02-24 19:17:22.233327,10417.928516,26252.18631,1796.186315,8085.263561,643.046455,14.6155140425953,475370.9871,45.63008724526364,23.558203842534503,0.9672352723871032,17.240555387201123,76.49924584340107
2025-02-24 19:17:32.520484,10422.617366,26254.14516,1796.184508,8089.954218,647.7353049999999,14.616619307797748,475370.9871,45.60955951915926,23.561194762668094,0.9679490398332122,17.238173127807404,76.49924584340107
2025-02-24 19:27:04.982904,10422.297516,26292.13531,1799.662265,8086.156611,647.4154550000001,14.60948302430512,475370.9871,45.61095923141943,23.591162234668037,0.9753830384378432,17.267423638954963,76.49924584340107
2025-02-24 19:28:09.149828,10420.941456,26256.26425,1796.312587,8088.150229,646.059395,14.616756816167651,475370.9871,45.6168945106489,23.5607787823698,0.9732909741417032,17.242942996915346,76.49924584340107
2025-02-24 19:28:53.439544,10432.645556,26240.12835,1794.432792,8101.734124,657.763495,14.623076699770875,475370.9871,45.56571816307952,23.530057190815768,0.9729616945970744,17.202344317811693,76.49924584340107
2025-02-24 19:30:09.631791,10439.000776,26237.31857,1793.797428,8108.724708,664.1187150000001,14.626689814832313,475370.9871,45.5379779444898,23.505970437233636,0.9781402550106968,17.17825668834877,76.49924584340107
2025-02-24 19:43:19.698170,10525.383226,26396.90102,1803.556551,8185.348035,750.501165,14.636026247895568,475370.9871,45.16424503439738,23.559878375269193,1.0738994337554646,17.139806439956033,76.49924584340107
2025-02-24 19:44:23.667871,10522.872856,26358.19565,1800.376657,8186.017559,747.9907949999999,14.64037847164778,475370.9871,45.17501956026674,23.519589721805,1.0603510421892863,17.110239396016134,76.49924584340107
2025-02-24 19:45:10.036955,10541.765946,26384.06374,1801.913187,8203.374119,766.8838850000001,14.642250209582375,475370.9871,45.09405630281293,23.522169059072777,1.0776021338893849,17.09579793586512,76.49924584340107
2025-02-24 19:53:08.948316,10498.624326,26219.79712,1788.535481,8173.610205,723.742265,14.659925619893253,475370.9871,45.27935968932012,23.407470872951837,1.0192492420933603,17.02465242587632,76.49924584340107
2025-02-24 19:53:57.521035,10488.270326,26185.83312,1785.854031,8165.937655,713.3882649999999,14.662919065864012,475370.9871,45.32405938485152,23.391908996544274,1.0125563229484067,17.024219003716016,76.49924584340107
2025-02-24 19:55:03.558037,10496.230496,26205.79329,1787.122039,8172.629817,721.3484350000001,14.663684246579871,475370.9871,45.2896863575127,23.406215366096284,1.0201590933250912,17.025766208935966,76.49924584340107
2025-02-24 19:56:07.600909,10507.696586,26216.92938,1787.531594,8183.686352,732.8145249999999,14.666554408324489,475370.9871,45.240265857444314,23.40578255811951,1.0337266457808656,17.01674208391536,76.49924584340107
2025-02-24 19:57:11.464093,10512.834756,26217.55255,1787.644127,8188.711989,737.952695,14.665979740608629,475370.9871,45.21815458277712,23.396276764007983,1.0308785326345866,17.004976949530203,76.49924584340107
2025-02-24 20:02:31.514505,10531.303057,26355.12132,1798.909691,8195.914726,756.8264649999999,14.650608338959689,475370.9871,45.138857416512,23.496811764077236,1.0790953482228065,17.079668881092765,76.49924584340107
2025-02-24 20:03:35.899419,10536.278967,26349.70223,1798.524111,8201.276216,761.802375,14.650736161301316,475370.9871,45.11753993880371,23.49003920578781,1.074052892719181,17.06982243572936,76.49924584340107
2025-02-24 20:04:39.926559,10525.865597,26341.05886,1798.277193,8191.109764,751.389005,14.647941353277233,475370.98709999997,45.16217528328373,23.495833349883107,1.0644305631369222,17.0843640024487,76.49924584340107
